title,question
属鼠的想用五谷起小名 属鼠小名多米的寓意-十二星座网,属鼠小名多米的寓意
【步骤图】红烧鲍鱼的做法_红烧鲍鱼的做法步骤_菜谱_下厨房,红烧肉煮鲍鱼的做法
吉普指南者尾部LONGITUDE代表什么意思?,指南者 longitude什么意思
一天消耗300卡路里多少天能减10斤_百度知道,300大卡一个月瘦多少
红霉素眼膏可以治疗鼻炎吗_百度知道,鼻子有囊肿可以放红霉素眼膏吗?
艾滋病窗口期到底多久啊_有问必答_快速问医生,艾滋病窗口期
吉丰社区介绍_吉林省吉林市丰满区丰满街道吉丰社区资料简介,吉林市丰满区社区划分
一天吃几个鹌鹑蛋最好 - 百度宝宝知道,1岁的孩子一顿吃几个鹌鹑蛋
胸腺肽副作用-有来医生,长期服用胸腺肽危害
长方体容积公式是什么_高三网,长方体容积公式是什么
化油器的组成结构如何?各个零件有什么作用呢?看了会很有帮助 - 骑士,鑫源x2x用什么化油器
甲泼尼龙琥珀酸钠作用_有来医生,甲泼尼龙琥珀酸钠注射剂是什么
空腹可以吃番石榴吗?_39健康问答_39健康网,糖尿病空腹吃番石榴吗
脚底脱皮是怎么回事?_39健康问答_39健康网,最近脚底脱皮是怎么回事
华为nova7Pro的配置参数怎么样?-华为nova 7 Pro(8GB/128GB/5G版),nova7pro参数
艾滋病性传播得几率是多少?_有问必答_快速问医生,男女性交得艾滋的概率
红旗E115售价曝光 大概率40万-60万之间_汽车江湖,红旗e115最新报价及图片
时间.路程的计算公式怎么运用.如果求速度的话要怎么运用?时间、路程,速度怎么求公式
吃米非司酮片多久可以喂奶_有问必答_快速问医生,饭后多久吃米非司酮
"女性下体瘙痒,有白皮症状,而且越抓越痒,_有问必答_快速问医生","女性下面总是瘙痒,还有异味"
吃药时吃了辣的东西有什么影响?_百度拇指医生,吃辣椒都有什么好处
数据和信息的关系-时间财富网,电子商务和大数据的关系
小孩结膜炎总眨眼睛怎么办_有问必答_快速问医生,小孩结膜炎总是反反复复不好怎么办
上环好吗对身体有害吗_妈妈网小百科,女人安环对身体好吗
补完牙后多久可以吃东西_有问必答_快速问医生,牙齿疼不吃药多久能好
夏天定妆用散粉还是粉饼 正确选择妆效才持久_尚之潮,夏天用散粉还是粉饼
半个月大的宝宝睡眠多少时间正常_百度宝宝知道,5个半月宝宝睡眠时间多少为正常?
"家里有丙肝病人,家里人需要怎样预防被传染_有问必答_快速问医生",家里有人得了丙肝怎么办
肘关节疼痛挂什么科?_潘登医生讲座讲解疾病-快速问医生,关节痛挂什么科
钱组词 包含钱字组词 - 钱组词的词语大全-【练字拼写网】,钱组词词
华为mate30屏幕尺寸多大_多大屏幕_智能家,华为mate30多少英寸
全国十大精神医院排名 - 百度宝宝知道,江苏十大精神医院排名
桂林西瓜霜喷剂的功效_寻医问药网_xywy.com,桂林西瓜霜喷剂的功效
"优速快递运费查询,优速快递价格查询,优速快递价格表,优速快递费用",优速物流快递电话
第四代伊兰特_现代伊兰特专题_汽车江湖网,伊兰特是什么车系
您好我的子宫内膜薄连续清宫有什么影响_寻医问药网_xywy.com,如果人流清宫伤了子宫内膜会怎样
腰椎变形怎么治疗_最真实的经验分享_健康经验_快速问医生,颈椎腰椎变形弯曲怎么治疗
白血病是癌症吗-有来医生,再障就是白血病吗
中共十三大提出社会主义初级阶段理论和党的基本路线,党的十三大报告提出党在社会主义初级阶段的基本路线是什么
换股骨头需要多少钱-有来医生,钛合金股骨头的价格多少
吃一堑长一智是什么意思_作业帮,吃一堑长一智的意思是什么意思
可以借款10万的app有哪些 爱问知识人,借5万分期还款的app
虎眼石的功效与作用是什么? - 民福康,虎眼石的功效与作用
hcg降了是不是生化了_妈妈网小百科,hcg降低就是生化了吗
纤尘不染(词语)_百度百科,纤尘不染的意思是什么意思
达芬奇15/16 操作界面字体太大太小如何设置,达芬奇怎么更改面板大小
如何正确调校全自动机械手表日历功能|腕表之家xbiao.com,机械手表日期怎么调?
如何领取支票-律图,支票怎么获得
头晕怎么缓解最快方法-有来医生,隐形眼镜带久了头晕怎么快速缓解
4月20日世界各国新冠肺炎疫情最新排名表 - 全球疫情,世界上那个国家没有新冠疫情
中国农业银行客服电话怎么转人工服务_百度知道,农业银行的信用卡的服务电话是多少
"SA210-C是什么材质,,急急急_百度知道",270-500化学成分
乳腺彩超和乳腺钼靶的区别 - 好大夫在线,乳腺检查钼靶好还是彩超好
腿有静脉曲张怎么调理-有来医生,静脉曲张突出怎么治疗
老年人心跳过快怎么办?_百度知道,老人家老是打嗝是什么原因
乘飞机携带化妆品规定?乘飞机携带化妆品注意事项【女士必看】,飞机行李托运携带化妆品的规定
摸鱼(词语解释)_百度百科,摸鱼是什么意思
人流一个月后可以上环吗?_39健康问答_39健康网,人流上环一起十多天后还出血什么情况
最近觉得特别容易饿是怎么回事啊?_有问必答_快速问医生,饿了就头晕怎么回事
肚脐眼太脏如何清理。_有问必答_快速问医生,怎样清洗水壶里的污垢
【虚与委蛇的读音?】作业帮,虚与委蛇的读音是什么
来月经前几天乳房疼痛是什么原因引起的_有问必答_快速问医生,月经来前胸部疼痛是什么原因
自制烟丝去焦油方法_打火机专卖,手卷烟丝去焦油方法
扬州市人口基本情况简析-年度重点信息公开专栏>经济运行-统计局,苏州市人口
心绞痛能治好吗?_百度知道,心绞痛能根治吗
"连续三次测量血压,应该以哪一次为准?最低,最高,还是平均?_39健康",测血压三次以最低为准
吃东西时被卡在食道里了_有问必答_快速问医生,感觉一直有东西卡在食道里
香砂养胃丸饭前吃还是饭后吃_亲亲宝贝网,香砂养胃丸饭前吃还是饭后吃
为什么拔牙后身体虚弱?,为什么矫正牙齿前要拔智齿
乙肝表面抗原阴性还会有乙肝吗_有问必答_快速问医生,乙肝表面抗体定量700多正常吗?
孕妇去寺庙有什么影响_妈妈网小百科,闻寺庙香烟对孕妇有影响吗
"【每日话题】刚测出怀孕,需要马上去医院抽血检查吗?_百度宝宝知道",检查怀孕抽血检查需要空腹吗
如何消除法令纹 这几种方法很有效,18岁有法令纹怎么消除
脂肪肝危害-有来医生,脂肪肝与慢性肝炎的区别
爱乐维经期可以吃吗-有来医生,备孕来月经能吃爱乐维吗
小孩经常张嘴是什么原因 - 百度宝宝知道,小孩老是搞口吧是什么原因
屁股上长了硬疙瘩疼._有问必答_快速问医生,屁股口长了一个肉疙瘩很疼
"教你在家腌苤蓝,腌好后口感香脆好吃,做法也很简单 - 美味小舍",苤蓝怎样腌制咸菜
中国人为何不能当联合国秘书长?_百度知道,联合国第一位中国人大使是谁?
糖尿病适合吃的10种水果_糖尿病_养生之道网,糖尿病患者可以吃什么水果
肝胆彩超能查出哪些问题?这4个问题都会悄悄“出头”,肝胆彩超能查什么
"安全套扎个洞会怀孕吗,危险期安全套脱落会不会怀孕吗_孕育常识_亲子",避孕套扎个洞会不会怀孕
"丙环唑有控旺作用,会不会影响根部生长",丙环唑控旺怎么用
脱唇毛要脱几次 详谈影响脱唇毛次数的原因_脱毛_快速问医生,脱唇毛一般脱几次能干净
牙齿发软是怎么回事_有问必答_快速问医生,牙齿泛酸水是怎么回事
2020年自考本科报名时间_学梯网,南京工业大学自考本科报名时间
山东省旅游-山东省景点大全,山东旅游景点
"我做了检查高危HPV-DNA结果是阴性,但是医生说还要等病理,我有中度",hpv结果阴性会宫颈糜烂吗
宝宝被蚊子咬的红点怎么快速消除_蚊子叮咬_快速问医生,婴儿被蚊子咬的红点怎么快速消除
切除子宫从哪里开刀?_39健康问答_39健康网,宫颈锥切从哪里下刀
概括一篇小说的故事情节应该怎样概括?答法是怎样?_作业帮,如何概括小说故事情节
变态反应科是看什么病的?_39健康问答_39健康网,变态反应家族史是什么
红灯亮时车辆已经过了斑马线后轮算不算闯红灯?-免费法律咨询-华律网,黄灯时车停在斑马线上算闯红灯吗
辅助出大辅是什么意思-王者荣耀辅助出大辅含义_快吧手游,王者荣耀大辅是什么意思
"你可知道永生花的花语是很什么,有什么含义吗?",往生花的花语
何首乌的功效与作用-有来医生,首乌的功效与作用
"手臂皮肤变黑,怎么办_有问必答_快速问医生",胳膊晒爆皮了怎么办
"""响声""的近义词是什么?_百度知道",声响反义词
糖耐检查多少钱? 已解决_妈妈网问答精选,糖耐检查多少钱
"月经来了一直不走,淅淅沥沥不干净。_39健康问答_39健康网",女人小便淅淅沥沥怎么回事
