keyword,question
25-hydroxyvitamin d,25-hydroxyvitamin d
abdominal bloating,abdominal bloating
acetaldehyde,acetaldehyde
acetic acid,acetic acid
acid-base balance,acid-base balance
acupressure,acupressure
acute onset,acute onset
acute rhinosinusitis,acute rhinosinusitis
acute toxicity,acute toxicity
adaptive response,adaptive response
added sugars,added sugars
addiction and obesity,addiction and obesity
adolescence,adolescence
adults,adults
adverse effects,adverse effects
aerosolized porcine neural tissue,aerosolized porcine neural tissue
age estimation,age estimation
aging,aging
aging processes,aging processes
airway inflammation,airway inflammation
alcohol-mediated carcinogenesis,alcohol-mediated carcinogenesis
alkaline diet,alkaline diet
all-cause mortality,all-cause mortality
allergies,allergies
allostatic load,allostatic load
als,als
aluminium,aluminium
alveolar bone loss,alveolar bone loss
alzheimer's disease,alzheimer's disease
american heart association,american heart association
american society for bone and mineral research,american society for bone and mineral research
aminothiol compounds,aminothiol compounds
amyotrophic lateral sclerosis,amyotrophic lateral sclerosis
angina,angina
animal protein,animal protein
animal protein and fat,animal protein and fat
antacids,antacids
anthocyanins,anthocyanins
anti-androgen effects,anti-androgen effects
anti-inflammatory,anti-inflammatory
anti-inflammatory effects,anti-inflammatory effects
antibacterial treatment,antibacterial treatment
antibiotic-associated diarrhea,antibiotic-associated diarrhea
antibiotics,antibiotics
anticancer properties,anticancer properties
antidepressant,antidepressant
antidiabetic potential,antidiabetic potential
antiemetic,antiemetic
antiinflammatory properties,antiinflammatory properties
antimicrobial agent,antimicrobial agent
antioxidant activity,antioxidant activity
antioxidant potential,antioxidant potential
antioxidants,antioxidants
antiplatelet therapies,antiplatelet therapies
antiproliferation,antiproliferation
antiproliferative effect,antiproliferative effect
antiproliferative effects,antiproliferative effects
anxiety,anxiety
anxiolytic effect,anxiolytic effect
apoptosis,apoptosis
apoptosis inhibition,apoptosis inhibition
apoptotic pathways,apoptotic pathways
apple peel extract,apple peel extract
aromatherapy,aromatherapy
artemisia dracunculus,artemisia dracunculus
artificial food colour additives,artificial food colour additives
ascorbic acid,ascorbic acid
asthma,asthma
atherogenesis,atherogenesis
atherosclerosis,atherosclerosis
atopic disease,atopic disease
autoimmune pathogenesis,autoimmune pathogenesis
autoimmune reaction,autoimmune reaction
autopsy,autopsy
avoidance motivation,avoidance motivation
awareness,awareness
beetroot ingestion,beetroot ingestion
beta cell function,beta cell function
beta-carotene,beta-carotene
betaine,betaine
beverage formulation,beverage formulation
bioactive compounds,bioactive compounds
bioavailability,bioavailability
biogenic amines,biogenic amines
biological activities,biological activities
biological half-life,biological half-life
biological membranes,biological membranes
biologically based dose response model,biologically based dose response model
biomarker,biomarker
biomarker reduction,biomarker reduction
birth place,birth place
bisphosphonate-associated osteonecrosis,bisphosphonate-associated osteonecrosis
black tea,black tea
blood glucose response,blood glucose response
blood pressure,blood pressure
bmaa,bmaa
bone health,bone health
bone mineral density,bone mineral density
bowel elimination,bowel elimination
brain aging,brain aging
brain imaging,brain imaging
brain tumors,brain tumors
brain volume,brain volume
breast cancer,breast cancer
breast cancer incidence rates,breast cancer incidence rates
breast cancer risk,breast cancer risk
breast cancer survival,breast cancer survival
brown adipose tissue,brown adipose tissue
buccal epithelial cells,buccal epithelial cells
bullous dermatosis,bullous dermatosis
caffeine metabolism,caffeine metabolism
cage volume,cage volume
calcium overload,calcium overload
calcium sensors,calcium sensors
calmodulin-binding proteins,calmodulin-binding proteins
caloric intake,caloric intake
calorie restriction,calorie restriction
cancer cell lines,cancer cell lines
cancer cells,cancer cells
cancer mortality,cancer mortality
cancer prevention,cancer prevention
cancer risk,cancer risk
cancer risk assessment,cancer risk assessment
canine scent detection,canine scent detection
capsaicin,capsaicin
capsinoids,capsinoids
carbohydrate craving,carbohydrate craving
carbohydrate sources,carbohydrate sources
carcinogenesis,carcinogenesis
carcinogens,carcinogens
cardiac death,cardiac death
cardiac myosin,cardiac myosin
cardioprotective,cardioprotective
cardiovascular disease,cardiovascular disease
cardiovascular disease prevention,cardiovascular disease prevention
cardiovascular events,cardiovascular events
cardiovascular health,cardiovascular health
cardiovascular protection,cardiovascular protection
case definition,case definition
case report,case report
case-control study,case-control study
caspase activation,caspase activation
caspase cascade,caspase cascade
catechin recovery,catechin recovery
catechol estrogens,catechol estrogens
cause of death ensemble model,cause of death ensemble model
cause-specific mortality,cause-specific mortality
celiac disease,celiac disease
cell growth inhibition,cell growth inhibition
cellular growth,cellular growth
cellular signaling pathways,cellular signaling pathways
central nervous system,central nervous system
cervical cancer,cervical cancer
ceylon cinnamon,ceylon cinnamon
cheese effect,cheese effect
chemical composition,chemical composition
chemical polymorphism,chemical polymorphism
chemiluminescence detection,chemiluminescence detection
chemoprevention,chemoprevention
chemoprotective mechanisms,chemoprotective mechanisms
chemotherapeutic agent,chemotherapeutic agent
chemotherapy treatment,chemotherapy treatment
chemotherapy-induced nausea,chemotherapy-induced nausea
chicken fat content,chicken fat content
childhood asthma,childhood asthma
childhood infections,childhood infections
children,children
children and adolescents,children and adolescents
children's health,children's health
chilli,chilli
china,china
chlorhexidine,chlorhexidine
chlorhexidine mouthwash,chlorhexidine mouthwash
chocolate/cocoa,chocolate/cocoa
cholesterol controversy,cholesterol controversy
cholesterol crystallization,cholesterol crystallization
cholesterol restrictions,cholesterol restrictions
choline-controlled diets,choline-controlled diets
chondrocyte protection,chondrocyte protection
chronic disease prevention,chronic disease prevention
chronic diseases,chronic diseases
cigarette smoking,cigarette smoking
ciguatera,ciguatera
ciguatera fish poisoning,ciguatera fish poisoning
ciguatoxins,ciguatoxins
cin lesions,cin lesions
citric acid,citric acid
clinical evidence,clinical evidence
clinical intervention,clinical intervention
clinical management,clinical management
clinical properties,clinical properties
clinical research,clinical research
clinical study,clinical study
clinical trial,clinical trial
clinical trials,clinical trials
cocoa,cocoa
cocoa flavanols,cocoa flavanols
cocoa intake,cocoa intake
coffee consumption,coffee consumption
cognitive function,cognitive function
cognitive impairment,cognitive impairment
cohort studies,cohort studies
cola beverages,cola beverages
cold symptoms,cold symptoms
colibacillosis,colibacillosis
colloidal oatmeal,colloidal oatmeal
colon cancer,colon cancer
colonic gas production,colonic gas production
color preferences,color preferences
color red,color red
colorectal cancer,colorectal cancer
colorectal cancer screening,colorectal cancer screening
comet assay,comet assay
commercial milk,commercial milk
community-based population,community-based population
complicated diverticulitis,complicated diverticulitis
computed tomography,computed tomography
consumption increase,consumption increase
contaminated seafood,contaminated seafood
cooking methods,cooking methods
cooking processes,cooking processes
copd,copd
coral bleaching,coral bleaching
coronary flow reserve,coronary flow reserve
coronary heart disease,coronary heart disease
corticosteroid treatment,corticosteroid treatment
coumarin exposure,coumarin exposure
cow milk consumption,cow milk consumption
crocus sativus,crocus sativus
crohn's disease,crohn's disease
curcumin,curcumin
curcumin-phosphatidylcholine complex,curcumin-phosphatidylcholine complex
curly kale,curly kale
cyanobacteria,cyanobacteria
cycling performance,cycling performance
cyp1a2 inhibition,cyp1a2 inhibition
cytogenetic evaluation,cytogenetic evaluation
cytotoxic effect,cytotoxic effect
cytotoxicity,cytotoxicity
dairy products,dairy products
dark chocolate,dark chocolate
death place,death place
decreased risk,decreased risk
defecation reflex,defecation reflex
deficiency treatment,deficiency treatment
dementia prevalence,dementia prevalence
dental health,dental health
depression,depression
desensitization,desensitization
detoxifying enzymes,detoxifying enzymes
diabetes management,diabetes management
diabetes mellitus,diabetes mellitus
diabetes risk,diabetes risk
diagnostic markers,diagnostic markers
diagnostic tests,diagnostic tests
diet,diet
diet and asthma,diet and asthma
diet and exercise,diet and exercise
diet-induced thermogenesis,diet-induced thermogenesis
dietary advice,dietary advice
dietary cholesterol,dietary cholesterol
dietary compounds,dietary compounds
dietary factors,dietary factors
dietary fat,dietary fat
dietary fiber intake,dietary fiber intake
dietary flavonoid intake,dietary flavonoid intake
dietary groups,dietary groups
dietary guidelines,dietary guidelines
dietary habits,dietary habits
dietary intake,dietary intake
dietary microparticles,dietary microparticles
dietary non-nutrients,dietary non-nutrients
dietary patterns,dietary patterns
dietary polyphenols,dietary polyphenols
dietary restriction,dietary restriction
dietary sodium,dietary sodium
dietary soy,dietary soy
dietary studies,dietary studies
dietary sugars,dietary sugars
dietary supplementation,dietary supplementation
dietary therapy,dietary therapy
disease,disease
disease activity score,disease activity score
disease patterns,disease patterns
disease prevention,disease prevention
dna damage,dna damage
dna methylation,dna methylation
dopamine pathways,dopamine pathways
dose response,dose response
double-blind study,double-blind study
dr5 upregulation,dr5 upregulation
dried prunes,dried prunes
drug interaction,drug interaction
durian fruit,durian fruit
early childhood,early childhood
early detection,early detection
early menarche,early menarche
early pregnancy,early pregnancy
east asia,east asia
egcg,egcg
elective resection,elective resection
elemental analysis,elemental analysis
elevated homocysteine,elevated homocysteine
endocrine disrupters,endocrine disrupters
endocrine disruptors,endocrine disruptors
endogenous formation,endogenous formation
endoplasmic reticulum stress,endoplasmic reticulum stress
endothelial dysfunction,endothelial dysfunction
energy balance,energy balance
energy density,energy density
energy expenditure,energy expenditure
energy intake,energy intake
environmental causes,environmental causes
environmental disease costs,environmental disease costs
epidemiological investigation,epidemiological investigation
epidemiology,epidemiology
epithelial barriers,epithelial barriers
epithelial cells,epithelial cells
erectile dysfunction,erectile dysfunction
esophageal cancer,esophageal cancer
esophageal dysplasia,esophageal dysplasia
essential hypertension,essential hypertension
essential oil,essential oil
estrogen metabolites,estrogen metabolites
estrogen receptor status,estrogen receptor status
ethanol metabolism,ethanol metabolism
etiopathogenesis,etiopathogenesis
euglycemic clamp,euglycemic clamp
evolutionary discordance hypothesis,evolutionary discordance hypothesis
exercise,exercise
exercise intervention,exercise intervention
exposure data,exposure data
exposure doses,exposure doses
extra-virgin olive oil,extra-virgin olive oil
facial injury,facial injury
facial skin coloration,facial skin coloration
fat intake,fat intake
fatigue-related errors,fatigue-related errors
fatty acids,fatty acids
fdg-pet,fdg-pet
fecal mutagenicity,fecal mutagenicity
fermentable fiber,fermentable fiber
fiber,fiber
finland,finland
fish consumption,fish consumption
flavanols,flavanols
flavones,flavones
flaxseed,flaxseed
flaxseed consumption,flaxseed consumption
food additives,food additives
food analysis,food analysis
food and drug reward,food and drug reward
food as medicine,food as medicine
food contamination,food contamination
food cost,food cost
food groups,food groups
food intake,food intake
food-borne pathogen,food-borne pathogen
foodborne illness,foodborne illness
foreign body extraction,foreign body extraction
forensic samples,forensic samples
fractures,fractures
freeze-dried strawberries,freeze-dried strawberries
fruit and vegetable intake,fruit and vegetable intake
fruit and vegetables,fruit and vegetables
fruit consumption,fruit consumption
fruit juices,fruit juices
functional food,functional food
functional foods,functional foods
gambierdiscus toxicus,gambierdiscus toxicus
gas passage,gas passage
gastric distension,gastric distension
gastrointestinal absorption,gastrointestinal absorption
generalisation,generalisation
genetic susceptibility,genetic susceptibility
genistein,genistein
genotoxicity,genotoxicity
gestational diabetes mellitus,gestational diabetes mellitus
gestational exposure,gestational exposure
ginger,ginger
gingival indices,gingival indices
global burden of disease,global burden of disease
glucose disposal,glucose disposal
glucose-lowering,glucose-lowering
glucuronidation,glucuronidation
gluten intolerance,gluten intolerance
glycaemic control,glycaemic control
glycemic control,glycemic control
glycoalkaloids,glycoalkaloids
glyphosate,glyphosate
grapefruit juice,grapefruit juice
green tea,green tea
green tea catechins,green tea catechins
gut microbiota,gut microbiota
gut microflora,gut microflora
gymnema sylvestre,gymnema sylvestre
hair-to-blood ratio,hair-to-blood ratio
hallucinations,hallucinations
hayfever,hayfever
hazard ratio,hazard ratio
health,health
health benefits,health benefits
health care provider work hours,health care provider work hours
health disparities,health disparities
health effects,health effects
health outcomes,health outcomes
health policy,health policy
health risk characterization,health risk characterization
healthy elderly,healthy elderly
heart score study,heart score study
heavy metals,heavy metals
hela cells,hela cells
herbal tea,herbal tea
heterocyclic amines,heterocyclic amines
hexachlorobenzene,hexachlorobenzene
hibiscus sabdariffa,hibiscus sabdariffa
high nutrient density diet,high nutrient density diet
high-carbohydrate high-fiber diets,high-carbohydrate high-fiber diets
high-fiber foods,high-fiber foods
hirsutism,hirsutism
hormesis,hormesis
hormones,hormones
hpv infection,hpv infection
human blood,human blood
human diet evolution,human diet evolution
human diseases,human diseases
human health effects,human health effects
human nutrition,human nutrition
human proteome,human proteome
hunter-gatherer diets,hunter-gatherer diets
hydroxycitric acid,hydroxycitric acid
hyperactivity,hyperactivity
hypercholesterolemia,hypercholesterolemia
hyperhomocysteinemia,hyperhomocysteinemia
hypocholesterolemic response,hypocholesterolemic response
hypospadias,hypospadias
ideal cardiovascular health,ideal cardiovascular health
igf axis,igf axis
igfbp-1,igfbp-1
immune functions,immune functions
immune responses,immune responses
immunocompromised patients,immunocompromised patients
impaired glucose tolerance,impaired glucose tolerance
in vitro digestion,in vitro digestion
incidental lewy body disease,incidental lewy body disease
increased risk,increased risk
indigenous health,indigenous health
individual susceptibility,individual susceptibility
industry self-regulation,industry self-regulation
inflammation,inflammation
inflammatory markers,inflammatory markers
insoluble fiber,insoluble fiber
insulin resistance,insulin resistance
insulin response,insulin response
insulin secretion,insulin secretion
insulin sensitivity,insulin sensitivity
insulin-like growth factor-1,insulin-like growth factor-1
insulin-like growth factor-binding protein-3,insulin-like growth factor-binding protein-3
insulin-like growth factor-i,insulin-like growth factor-i
intensive cardiac rehabilitation,intensive cardiac rehabilitation
international index of erectile function,international index of erectile function
interventions,interventions
intestinal metabolism,intestinal metabolism
intra-organ fat,intra-organ fat
intramyocellular lipid,intramyocellular lipid
intramyocellular triglyceride,intramyocellular triglyceride
inverse association,inverse association
iodine deficiency,iodine deficiency
irritable bowel syndrome,irritable bowel syndrome
isoflavones,isoflavones
jaw,jaw
laboratory diagnosis,laboratory diagnosis
large bowel,large bowel
largest meal,largest meal
latitude,latitude
lavender essential oil,lavender essential oil
layer flocks,layer flocks
lc-ms/ms,lc-ms/ms
ldl/hdl ratio,ldl/hdl ratio
lead poisoning prevention,lead poisoning prevention
legumes,legumes
lewy pathology,lewy pathology
life history,life history
lifespan,lifespan
lifespan extension,lifespan extension
lifestyle changes,lifestyle changes
lifestyle intervention,lifestyle intervention
lifestyle modification,lifestyle modification
lignan status,lignan status
linear growth,linear growth
lipid metabolism,lipid metabolism
lipid profile,lipid profile
lipid profiles,lipid profiles
lipoprotein metabolism,lipoprotein metabolism
literature review,literature review
lncap cell growth,lncap cell growth
long-term efficacy,long-term efficacy
longevity,longevity
loving-kindness meditation,loving-kindness meditation
low dose extrapolation,low dose extrapolation
low-carbohydrate diet,low-carbohydrate diet
low-carbohydrate diets,low-carbohydrate diets
low-fat diet,low-fat diet
low-level exposure,low-level exposure
major congenital malformations,major congenital malformations
male smokers,male smokers
malondialdehydelysine,malondialdehydelysine
maternal vaginal microflora,maternal vaginal microflora
maximum life span,maximum life span
meat consumption,meat consumption
mechanical damage,mechanical damage
medical errors,medical errors
medical literature,medical literature
medicinal plants,medicinal plants
mediterranean diet,mediterranean diet
men aged 65 and older,men aged 65 and older
mental illnesses,mental illnesses
mercury elimination,mercury elimination
mercury emissions reduction,mercury emissions reduction
meriva,meriva
meta-analysis,meta-analysis
metabolic effects,metabolic effects
metabolic profiles,metabolic profiles
metabolic rate,metabolic rate
metabolic risk factors,metabolic risk factors
methionine content,methionine content
methyl-group requirements,methyl-group requirements
methylmercury exposure,methylmercury exposure
microbiota,microbiota
micronucleus test,micronucleus test
middle-aged twins,middle-aged twins
migrating fish bone,migrating fish bone
milk consumption,milk consumption
milk vitamins,milk vitamins
modelling and rewards intervention,modelling and rewards intervention
moderate-to-vigorous intensity,moderate-to-vigorous intensity
molecular biology,molecular biology
molecular mimicry,molecular mimicry
monoamine oxidase inhibitors,monoamine oxidase inhibitors
monounsaturated fat,monounsaturated fat
moringa oleifera leaf extract,moringa oleifera leaf extract
mortality,mortality
mortality causes,mortality causes
mortality prevention,mortality prevention
mortality rates,mortality rates
motion sickness,motion sickness
mouthrinses,mouthrinses
mrna display,mrna display
mtor,mtor
mtorc1 and mtorc2,mtorc1 and mtorc2
mucosal immune cells,mucosal immune cells
mucosal immune response,mucosal immune response
multi-ethnic study of atherosclerosis,multi-ethnic study of atherosclerosis
multiple myeloma,multiple myeloma
mutagenicity,mutagenicity
n-3 n-6 ratio,n-3 n-6 ratio
n-nitroso compounds,n-nitroso compounds
n-nitroso precursors,n-nitroso precursors
n-nitrosodimethylamine,n-nitrosodimethylamine
naringenin,naringenin
nasal mucosa,nasal mucosa
nausea and vomiting,nausea and vomiting
neck lump,neck lump
neem mouthwash,neem mouthwash
net acid excretion,net acid excretion
neurodegeneration,neurodegeneration
neurodegenerative diseases,neurodegenerative diseases
neuroprotectants,neuroprotectants
neurotoxicant,neurotoxicant
niacin-bound chromium,niacin-bound chromium
nitric oxide,nitric oxide
nocturnal penile tumescence,nocturnal penile tumescence
non-celiac gluten sensitivity,non-celiac gluten sensitivity
non-communicable diseases,non-communicable diseases
non-hispanic white women,non-hispanic white women
non-invasive method,non-invasive method
non-oil-seed pulses,non-oil-seed pulses
non-small cell lung cancer,non-small cell lung cancer
nonextractable polyphenols,nonextractable polyphenols
nuclear magnetic resonance spectroscopy,nuclear magnetic resonance spectroscopy
nutmeg abuse,nutmeg abuse
nutrient bioavailability,nutrient bioavailability
nutrient intake,nutrient intake
nutrition transition,nutrition transition
nutritional composition,nutritional composition
nutritional risk factors,nutritional risk factors
nutritional sufficiency,nutritional sufficiency
nutritive value,nutritive value
nuts,nuts
obesity,obesity
observational studies,observational studies
oily fish,oily fish
omega-3,omega-3
omnivores,omnivores
oral health,oral health
oral hygiene,oral hygiene
organochlorine pesticides,organochlorine pesticides
osteoarthritis,osteoarthritis
osteoporosis prevention,osteoporosis prevention
oxaliplatin,oxaliplatin
oxidative stress,oxidative stress
paleolithic diet,paleolithic diet
paleolithic nutrition,paleolithic nutrition
pancreatic cancer,pancreatic cancer
parental occupational exposure,parental occupational exposure
parkinson disease,parkinson disease
pasteurization,pasteurization
pathogenesis,pathogenesis
pathogenic strains,pathogenic strains
patient adherence,patient adherence
patient improvements,patient improvements
patient safety,patient safety
pcr assay,pcr assay
pediatric,pediatric
penetrating ocular injury,penetrating ocular injury
perceived health,perceived health
perfluorinated compounds,perfluorinated compounds
perforation,perforation
periodontal conditions,periodontal conditions
periodontal disease progression,periodontal disease progression
peripheral insulin sensitivity,peripheral insulin sensitivity
pesticides,pesticides
pfc concentrations,pfc concentrations
pfos,pfos
ph,ph
pharmacology,pharmacology
phase ii trial,phase ii trial
phenolic compounds,phenolic compounds
phip-induced carcinogenesis,phip-induced carcinogenesis
physical activity,physical activity
phytochemicals,phytochemicals
placebo-controlled,placebo-controlled
plant foods,plant foods
plaque rupture,plaque rupture
plasma beta-carotene,plasma beta-carotene
plasma cell disorder,plasma cell disorder
plasma cholesterol,plasma cholesterol
plasma homocysteine,plasma homocysteine
platelets,platelets
polybrominated diphenyl ethers,polybrominated diphenyl ethers
polycyclic aromatic hydrocarbons,polycyclic aromatic hydrocarbons
polycystic ovarian syndrome,polycystic ovarian syndrome
polyphenol intake,polyphenol intake
polyphenols,polyphenols
polyunsaturated fat,polyunsaturated fat
population study,population study
pork processing plant,pork processing plant
post-mortem changes,post-mortem changes
postmenopausal breast cancer,postmenopausal breast cancer
postmenopausal hormone use,postmenopausal hormone use
postmenopausal women,postmenopausal women
postprandial glucose,postprandial glucose
potatoes,potatoes
poultry farm distance,poultry farm distance
poultry husbandry,poultry husbandry
pre- and post-menopausal women,pre- and post-menopausal women
pre-diabetes,pre-diabetes
pre-exercise feeding,pre-exercise feeding
prediabetes,prediabetes
pregestational diabetes mellitus,pregestational diabetes mellitus
pregnancy,pregnancy
premenopausal women,premenopausal women
premenstrual syndrome,premenstrual syndrome
preschool children,preschool children
prevention,prevention
price differentials,price differentials
primary constipation,primary constipation
proanthocyanidins,proanthocyanidins
probabilistic modelling,probabilistic modelling
probiotics,probiotics
processed meat,processed meat
program efficacy,program efficacy
progressive inflammatory neuropathy,progressive inflammatory neuropathy
prospective cohort studies,prospective cohort studies
prospective cohort study,prospective cohort study
prospective study,prospective study
prostate cancer,prostate cancer
prostate cancer risk,prostate cancer risk
protective devices,protective devices
protein oxidation,protein oxidation
proteus mirabilis,proteus mirabilis
prudent diet,prudent diet
psychological effects,psychological effects
public regulation,public regulation
purple discoloration,purple discoloration
raisins vs sports gel,raisins vs sports gel
randomised controlled trial,randomised controlled trial
randomised controlled trials,randomised controlled trials
randomized control trial,randomized control trial
randomized controlled trial,randomized controlled trial
randomized controlled trials,randomized controlled trials
randomized study,randomized study
randomized trial,randomized trial
randomized trials,randomized trials
ras-erk-nox-ros pathway,ras-erk-nox-ros pathway
rat testes,rat testes
rats,rats
raw food diet,raw food diet
raw milk consumption,raw milk consumption
reactive oxygen species,reactive oxygen species
recent activity,recent activity
recto-anal angle,recto-anal angle
remission induction,remission induction
renal cancer cells,renal cancer cells
reproductive age women,reproductive age women
reproductive health,reproductive health
research review,research review
retrospective chart review,retrospective chart review
rheumatic heart disease,rheumatic heart disease
rheumatoid arthritis,rheumatoid arthritis
rhinorrhea,rhinorrhea
risk factors,risk factors
risk reduction,risk reduction
roundup,roundup
rural india,rural india
rye bread consumption,rye bread consumption
safety,safety
saffron,saffron
saffron extract,saffron extract
saffron treatment,saffron treatment
satiereal,satiereal
satiety,satiety
saturated fat,saturated fat
scombroid fish poisoning,scombroid fish poisoning
screening,screening
seafood poisoning,seafood poisoning
serotonin synthesis,serotonin synthesis
sertoli cell death,sertoli cell death
serum 25-hydroxyvitamin d,serum 25-hydroxyvitamin d
serum concentration,serum concentration
serum igf-i,serum igf-i
serum levels,serum levels
sex hormonal profiles,sex hormonal profiles
signal propagation,signal propagation
signaling pathways,signaling pathways
site specific,site specific
skin protectant,skin protectant
skin redness,skin redness
skin yellowness,skin yellowness
sleep deprivation,sleep deprivation
snack,snack
snack consumption,snack consumption
snacking,snacking
sneezing,sneezing
sodium benzoate,sodium benzoate
soft drink intake,soft drink intake
soluble fiber,soluble fiber
sour tea,sour tea
southern blot analysis,southern blot analysis
soy protein,soy protein
spanish diet,spanish diet
spatial clustering,spatial clustering
spearmint tea,spearmint tea
spermine toxicity,spermine toxicity
spices,spices
squatting posture,squatting posture
star expression,star expression
stomach cancer,stomach cancer
stop signal,stop signal
strenuous exercise,strenuous exercise
streptococcal m protein,streptococcal m protein
stress,stress
stroke risk,stroke risk
subacute toxicity,subacute toxicity
subepidermal bullae,subepidermal bullae
substantia nigra,substantia nigra
sugar-sweetened beverages,sugar-sweetened beverages
sulforaphane,sulforaphane
supplementation,supplementation
surveillance epidemiology and end results,surveillance epidemiology and end results
surveillance systems,surveillance systems
sweet orange aroma,sweet orange aroma
sweet potato,sweet potato
swine prevalence,swine prevalence
symptomatic treatment,symptomatic treatment
systematic analysis,systematic analysis
systematic review,systematic review
tarragon,tarragon
task force,task force
tea mouthwash,tea mouthwash
telomere biology,telomere biology
telomere length,telomere length
telomere shortening,telomere shortening
terminal restriction fragment,terminal restriction fragment
testosterone,testosterone
therapeutic protocol,therapeutic protocol
therapeutic significance,therapeutic significance
thermal processing,thermal processing
thermic effect,thermic effect
thermogenesis,thermogenesis
tobacco products,tobacco products
tooth loss,tooth loss
tor protein complex,tor protein complex
toxic chemical exposure,toxic chemical exposure
toxicant exposures,toxicant exposures
toxicity,toxicity
traditional diets,traditional diets
trail-induced apoptosis,trail-induced apoptosis
transnational corporations,transnational corporations
treatment strategies,treatment strategies
trimethylaminuria,trimethylaminuria
tumor cell growth,tumor cell growth
tumor suppressor,tumor suppressor
twin cycle hypothesis,twin cycle hypothesis
type 2 diabetes,type 2 diabetes
type 2 diabetes mellitus,type 2 diabetes mellitus
type 2 diabetes reversal,type 2 diabetes reversal
tyramine,tyramine
udp-glucuronosyltransferases,udp-glucuronosyltransferases
ultraviolet radiation,ultraviolet radiation
underreporting,underreporting
unhealthy commodities,unhealthy commodities
urinary excretion,urinary excretion
urinary iodine concentrations,urinary iodine concentrations
urinary tract infection,urinary tract infection
urine ph,urine ph
value-added products,value-added products
vascular abnormalities,vascular abnormalities
vascular endothelium,vascular endothelium
veganism,veganism
vegans,vegans
vegetable protein and fat,vegetable protein and fat
vegetables-fruits,vegetables-fruits
vegetarian diet,vegetarian diet
vegetarians,vegetarians
very low calorie diet,very low calorie diet
vinclozolin,vinclozolin
vinegar supplementation,vinegar supplementation
viral infections,viral infections
visual analogue scales,visual analogue scales
vitamin d,vitamin d
vitamin d absorption,vitamin d absorption
vitamin d deficiency,vitamin d deficiency
vitamin d supplementation,vitamin d supplementation
vitamin d2,vitamin d2
vitamin d3,vitamin d3
vitamin e intake,vitamin e intake
vitamin intake,vitamin intake
volatile organic compounds,volatile organic compounds
walnut extracts,walnut extracts
water and gas,water and gas
weight loss,weight loss
weight management,weight management
western diet,western diet
wheezing,wheezing
white matter volume,white matter volume
whole fruit,whole fruit
whole grains,whole grains
women,women
xenobiotic metabolism,xenobiotic metabolism
yerba mate,yerba mate
yersinia enterocolitica,yersinia enterocolitica
β-hexachlorocyclohexane,β-hexachlorocyclohexane
